{
  "transcription": " you",
  "expressiveness_score": 21.946126751852717,
  "pitch_variability": 5.575636758761947,
  "energy_variability": 0.006087013520300388,
  "speech_rate": 6.378362742262077,
  "primary_emotion": "neutral"
}